,City,Cloudiness,Country,Date,Humidity,Lat,Lng,Max Temp,Wind Speed
0,Butaritari,85,KI,1569982995,66,3.07,172.79,85.17,9.95
1,Puerto Baquerizo Moreno,32,EC,1569982996,86,-0.9,-89.6,68.97,13.13
2,Tasiilaq,98,GL,1569982997,69,65.61,-37.64,35.6,20.8
3,Mahebourg,40,MU,1569982998,88,-20.41,57.7,73.0,5.82
4,Vanimo,60,PG,1569983000,70,-2.67,141.3,81.64,6.76
5,Hermanus,100,ZA,1569983001,85,-34.42,19.24,57.99,5.99
6,Bundaberg,40,AU,1569983002,50,-24.87,152.35,77.0,19.46
7,Albany,90,US,1569982998,78,42.65,-73.75,73.99,8.05
8,Rincon,40,PA,1569983004,100,8.46,-82.28,75.2,2.24
9,Cabo San Lucas,40,MX,1569982973,73,22.89,-109.91,79.0,10.29
10,Chuy,100,UY,1569983007,99,-33.69,-53.46,61.61,0.58
11,Ribeira Grande,75,PT,1569983008,83,38.52,-28.7,73.4,35.57
12,Punta Arenas,20,CL,1569983009,80,-53.16,-70.91,39.2,20.8
13,Rikitea,100,PF,1569983010,85,-23.12,-134.97,68.82,20.98
14,Tuktoyaktuk,90,CA,1569983011,93,69.44,-133.03,37.4,9.17
15,Luanda,40,AO,1569983013,94,-8.83,13.24,73.4,5.82
16,Saint-Ambroise,90,CA,1569983014,100,48.56,-71.32,43.0,4.7
17,Ayan,0,IR,1569983015,39,38.23,44.7,43.73,4.5
18,Port Blair,45,IN,1569982893,72,11.67,92.75,81.59,2.19
19,Avarua,44,CK,1569983017,60,-21.21,-159.78,75.2,14.99
20,Nouadhibou,40,MR,1569983019,93,20.93,-17.03,64.4,10.29
21,Hilo,20,US,1569983020,58,19.71,-155.08,84.2,5.82
22,Ust-Kuyga,100,RU,1569983021,76,70.0,135.55,27.77,31.74
23,Busselton,88,AU,1569983022,37,-33.64,115.35,68.0,7.4
24,Tamasopo,97,MX,1569983024,98,21.92,-99.39,66.12,4.94
25,Ilulissat,48,GL,1569983025,39,69.22,-51.1,44.6,18.34
26,Bluff,100,AU,1569983026,57,-23.58,149.07,73.0,17.05
27,Prainha,36,BR,1569983027,58,-1.8,-53.48,80.0,3.69
28,Hobart,0,AU,1569982986,39,-42.88,147.33,66.99,10.29
29,Cape Town,0,ZA,1569982931,93,-33.93,18.42,60.01,2.24
30,Georgetown,20,GY,1569983031,88,6.8,-58.16,78.8,4.45
31,Jamestown,0,AU,1569983032,15,-33.21,138.6,83.44,22.28
32,Tchamba,100,TG,1569983033,97,9.03,1.42,70.82,1.63
33,Vaini,75,IN,1569983035,100,15.34,74.49,68.0,1.43
34,Mataura,98,NZ,1569983036,72,-46.19,168.86,48.0,15.01
35,Sao Miguel do Araguaia,0,BR,1569983037,51,-13.28,-50.16,78.65,2.42
36,Clyde River,90,CA,1569983038,100,70.47,-68.59,35.6,9.17
37,Magan,37,OM,1569983039,74,24.42,56.58,86.0,10.29
38,Anjad,100,IN,1569983041,81,22.04,75.06,76.8,3.09
39,Matara,46,BI,1569983042,77,-3.48,29.48,60.47,3.12
40,Stephenville,90,CA,1569983043,60,48.55,-58.59,42.8,4.7
41,Barrow,54,AR,1569983044,90,-38.31,-60.23,39.68,5.91
42,Ushuaia,40,AR,1569982962,92,-54.81,-68.31,37.4,8.05
43,Novyy Urengoy,100,RU,1569983046,96,66.08,76.63,37.83,8.59
44,Leningradskiy,100,RU,1569983048,94,69.38,178.42,34.19,24.56
45,Mar del Plata,38,AR,1569983049,38,-46.43,-67.52,42.13,6.89
46,Saint-Philippe,90,CA,1569983050,100,45.36,-73.48,66.0,6.93
47,Namatanai,94,PG,1569983051,79,-3.66,152.44,79.7,4.21
48,Upernavik,100,GL,1569983052,61,72.79,-56.15,35.88,8.16
49,Saldanha,31,PT,1569983054,90,41.42,-6.55,52.17,6.55
50,Puerto Ayora,59,EC,1569983055,92,-0.74,-90.35,68.0,5.01
51,Cotonou,40,BJ,1569983056,88,6.37,2.43,78.8,8.05
52,Iqaluit,20,CA,1569983057,86,63.75,-68.52,33.8,2.24
53,Margate,0,AU,1569983058,39,-43.03,147.26,66.99,10.29
54,Kurilsk,0,RU,1569983060,82,45.23,147.88,59.27,9.57
55,Saint-Pierre,97,FR,1569983061,100,48.95,4.24,55.99,11.41
56,Shaunavon,0,CA,1569983062,88,49.65,-108.41,26.0,9.62
57,Port Alfred,0,ZA,1569983063,90,-33.59,26.89,54.0,1.99
58,Arraial do Cabo,0,BR,1569983064,79,-22.97,-42.02,67.37,24.94
59,Saint George,0,GR,1569983066,82,39.45,22.34,62.6,0.89
60,Kabansk,100,RU,1569983067,55,52.06,106.65,37.4,2.24
61,Victoria,75,BN,1569982825,94,5.28,115.24,80.6,1.12
62,Campbell River,75,CA,1569983069,93,50.02,-125.24,53.6,2.24
63,Lebedyn,0,UA,1569983070,87,50.58,34.48,47.12,7.76
64,Qasigiannguit,28,GL,1569983071,39,68.82,-51.19,44.6,18.34
65,Basco,75,US,1569983073,83,40.33,-91.2,82.0,6.93
66,Havre-Saint-Pierre,90,CA,1569982869,86,50.23,-63.6,37.4,8.05
67,Sorong,28,ID,1569983075,77,-0.86,131.25,85.08,0.68
68,Norrkoping,33,SE,1569983076,93,58.59,16.18,41.0,5.82
69,Laem Sing,40,TH,1569983077,83,12.48,102.07,91.0,3.36
70,Dakar,40,SN,1569983079,88,14.69,-17.45,80.6,11.41
71,Whitehorse,75,CA,1569983080,66,60.72,-135.06,50.0,17.22
72,Huarmey,92,PE,1569983081,92,-10.07,-78.15,61.41,17.67
73,Kapaa,20,US,1569983082,66,22.08,-159.32,86.0,17.22
74,Chokurdakh,100,RU,1569983083,89,70.62,147.9,27.19,22.95
75,Yantai,58,CN,1569983084,67,37.53,121.39,74.17,9.26
76,College,90,US,1569983016,81,64.86,-147.8,44.6,3.47
77,Qaanaaq,100,GL,1569983087,96,77.48,-69.36,32.46,8.1
78,Svetlogorsk,40,RU,1569983088,80,53.14,59.15,33.8,8.95
79,Yellowknife,40,CA,1569983089,86,62.45,-114.38,39.2,3.36
80,Abonnema,80,NG,1569983090,89,4.71,6.79,75.99,3.85
81,Luderitz,0,NA,1569983091,81,-26.65,15.16,53.6,3.36
82,Okakarara,69,NA,1569983093,16,-20.59,17.46,51.69,7.2
83,Kholodnyy,89,RU,1569983094,74,62.72,147.95,19.38,2.51
84,Katsuura,75,JP,1569983095,78,33.93,134.5,78.8,16.11
85,Esperance,0,AU,1569982850,64,-33.86,121.89,68.0,8.05
86,Ishigaki,20,JP,1569983097,74,24.34,124.16,86.0,11.41
87,Tacuati,0,PY,1569983099,39,-23.46,-56.74,87.92,8.37
88,Koshurnikovo,0,RU,1569983100,65,54.3,93.39,36.71,3.15
89,New Norfolk,0,AU,1569983023,39,-42.78,147.06,66.99,10.29
90,Ilorin,0,NG,1569983102,94,8.5,4.55,73.4,5.01
91,Kouango,100,CF,1569983103,98,4.99,19.98,69.58,1.92
92,Hamilton,75,CA,1569983104,94,43.26,-79.87,71.6,8.05
93,Coquimbo,0,CL,1569983106,71,-29.95,-71.34,51.8,4.7
94,Castro,0,CL,1569983107,100,-42.48,-73.76,35.6,4.7
95,Marsh Harbour,5,BS,1569983108,78,26.54,-77.06,80.74,17.52
96,Sao Domingos,17,BR,1569983109,56,-13.4,-46.32,77.64,4.0
97,Lompoc,1,US,1569983094,71,34.64,-120.46,62.6,9.17
98,Kilindoni,92,TZ,1569983112,84,-7.91,39.67,77.86,1.59
99,Rionero in Vulture,5,IT,1569983113,88,40.93,15.67,66.2,2.24
100,Padang,100,ID,1569983114,86,-0.92,100.36,77.91,13.85
101,Grindavik,75,IS,1569983115,93,63.84,-22.43,44.6,4.7
102,Mount Isa,0,AU,1569983116,9,-20.73,139.49,91.4,13.87
103,Salalah,75,OM,1569983117,83,17.01,54.1,78.8,4.7
104,Kaitangata,96,NZ,1569983119,62,-46.28,169.85,46.0,11.99
105,Inarcs,0,HU,1569983120,76,47.26,19.33,57.99,5.82
106,Cherskiy,23,RU,1569983121,69,68.75,161.3,28.61,9.98
107,Tigre,0,AR,1569983122,47,-34.42,-58.58,59.0,8.05
108,Faya,0,SA,1569983123,77,18.39,42.45,60.8,3.62
109,Bandarbeyla,55,SO,1569983125,83,9.49,50.81,74.57,4.7
110,Kota Kinabalu,75,MY,1569983126,79,5.98,116.07,86.0,5.82
111,Tarakan,40,ID,1569983106,88,3.3,117.63,78.8,2.24
112,Tubuala,40,PA,1569983128,83,9.52,-79.03,81.0,4.7
113,Gravdal,75,NO,1569983129,100,59.79,5.78,45.0,13.87
114,Jizan,40,SA,1569983131,83,16.89,42.56,77.0,4.7
115,Phrae,40,TH,1569983132,79,18.14,100.15,98.01,1.97
116,Yeppoon,75,AU,1569983133,50,-23.13,150.74,77.0,16.11
117,Talnakh,75,RU,1569983134,75,69.49,88.39,32.0,11.18
118,Ngunguru,100,NZ,1569983135,61,-35.62,174.5,62.01,20.0
119,Kodiak,90,US,1569983137,78,39.95,-94.76,81.0,6.93
120,Ypsonas,0,CY,1569983138,77,34.69,32.96,69.8,3.36
121,Binzhou,10,CN,1569983139,37,37.38,117.96,86.0,5.97
122,Adrar,0,DZ,1569983140,10,27.87,-0.29,78.8,8.05
123,Vila Franca do Campo,20,PT,1569983141,78,37.72,-25.43,73.4,21.92
124,Gazojak,0,TM,1569983143,42,41.19,61.4,50.14,7.23
125,Santa Isabel do Rio Negro,11,BR,1569983144,83,-0.41,-65.02,75.84,2.55
126,Khatanga,0,RU,1569983145,72,71.98,102.47,24.47,4.85
127,Rocha,100,UY,1569982903,97,-34.48,-54.34,54.8,14.9
128,Borba,1,BR,1569983147,59,-4.39,-59.59,80.94,1.66
129,Tashtyp,0,RU,1569983149,49,52.8,89.89,35.9,2.13
130,Hithadhoo,57,MV,1569983150,75,-0.6,73.08,82.67,16.84
131,Bayir,0,TR,1569983151,87,37.27,28.22,59.0,1.12
132,Tabou,100,CI,1569983152,96,4.42,-7.36,73.72,3.51
133,Virginia Beach,1,US,1569983153,77,36.85,-75.98,75.2,4.7
134,Zavodouspenskoye,0,RU,1569983155,74,56.86,65.02,39.0,11.18
135,Lethem,12,GY,1569983156,59,3.38,-59.8,81.26,4.88
136,Balkhash,0,KZ,1569983157,35,46.84,74.98,32.0,15.66
137,Lermontovka,0,RU,1569983158,62,47.15,134.34,73.58,13.31
138,Jalu,0,LY,1569983159,84,29.03,21.55,66.77,3.33
139,Dayong,20,CN,1569983161,70,25.02,118.29,87.8,6.71
140,Hay River,40,CA,1569983162,93,60.82,-115.79,41.0,4.7
141,Kavieng,100,PG,1569983163,72,-2.57,150.8,83.4,10.22
142,Caravelas,7,BR,1569983164,76,-17.73,-39.27,71.38,8.9
143,Bezhetsk,95,RU,1569983165,92,57.78,36.69,41.66,9.1
144,Haines Junction,100,CA,1569983167,93,60.75,-137.51,39.16,9.13
145,Tigil,87,RU,1569983168,60,57.8,158.67,45.93,13.56
146,Ueno,1,JP,1569983169,57,36.07,138.76,88.0,3.36
147,Kruisfontein,97,ZA,1569983170,86,-34.0,24.73,52.57,7.31
148,Provideniya,75,RU,1569983171,81,64.42,-173.23,46.4,11.18
149,Cassilandia,96,BR,1569983173,30,-19.11,-51.73,83.37,4.38
150,Iraan,1,US,1569983174,54,30.91,-101.9,82.99,11.41
151,Yaan,96,NG,1569983175,96,7.38,8.57,72.19,2.71
152,Alofi,75,NU,1569983176,69,-19.06,-169.92,80.6,10.29
153,Beloha,30,MG,1569983177,90,-25.17,45.06,65.91,6.37
154,Bonavista,83,CA,1569983179,79,48.65,-53.11,43.0,5.99
155,Yarovoye,0,RU,1569983180,61,52.92,78.56,42.72,6.24
156,Yulara,100,AU,1569983181,8,-25.24,130.99,96.8,12.75
157,Mount Gambier,9,AU,1569983182,23,-37.83,140.78,77.0,18.34
158,Berlevag,76,NO,1569983183,66,70.86,29.09,39.95,25.1
159,Airai,10,TL,1569983185,31,-8.93,125.41,84.2,11.58
160,Pandan,100,PH,1569983186,64,11.72,122.09,84.7,0.4
161,Pevek,100,RU,1569983187,89,69.7,170.27,30.75,23.62
162,Pyatnitskoye,91,RU,1569983188,87,54.34,35.89,44.6,6.71
163,Coihaique,0,CL,1569983189,74,-45.58,-72.07,35.6,3.36
164,Khonsa,65,IN,1569983191,96,26.99,95.51,70.08,0.45
165,Enumclaw,1,US,1569982945,57,47.2,-121.99,57.2,2.77
166,Rantepao,20,ID,1569983193,57,-2.97,119.9,75.65,4.88
167,Dingle,100,PH,1569983194,69,11.0,122.67,84.54,5.14
168,Torbay,90,CA,1569983195,80,47.66,-52.73,43.0,6.93
169,Tiksi,100,RU,1569983197,88,71.64,128.87,29.22,22.06
170,Tucurui,42,BR,1569983198,92,-3.77,-49.67,73.72,0.76
171,Kudahuvadhoo,83,MV,1569983199,77,2.67,72.89,82.49,15.32
172,Cap Malheureux,40,MU,1569983200,88,-19.98,57.61,73.0,5.82
173,Hobyo,4,SO,1569983201,93,5.35,48.53,75.36,1.28
174,Ingham,15,AU,1569983203,62,-18.65,146.16,77.68,7.05
175,Sangar,62,RU,1569983204,70,63.92,127.47,30.59,12.06
176,Nome,1,US,1569983205,83,30.04,-94.42,82.99,3.36
177,Atuona,28,PF,1569983206,73,-9.8,-139.03,79.79,13.13
178,Orotukan,100,RU,1569983207,64,62.26,151.67,22.22,2.42
179,Namibe,100,AO,1569983209,78,-15.19,12.15,64.65,4.97
180,Jimenez,40,PA,1569983210,100,8.54,-82.37,75.2,2.24
181,Walvis Bay,55,NA,1569983211,93,-22.95,14.51,63.0,10.29
182,Tongren,65,CN,1569983212,48,27.72,109.18,80.79,2.46
183,Hailey,90,US,1569983213,93,43.52,-114.32,35.6,3.74
184,Bredasdorp,100,ZA,1569983214,93,-34.53,20.04,57.0,2.24
185,Maine-Soroa,83,NE,1569983216,48,13.21,12.02,84.83,9.37
186,Longyearbyen,75,NO,1569983217,79,78.22,15.63,24.8,2.24
187,Belyy Yar,0,RU,1569983218,86,53.6,91.39,33.8,4.47
188,Santa Maria,0,BR,1569983219,50,-16.02,-48.01,77.0,5.82
189,Oriximina,30,BR,1569983220,72,-1.77,-55.87,79.98,6.26
190,Dewa,90,IN,1569983222,100,27.04,81.17,75.2,3.36
191,Pokhara,92,NP,1569983223,75,28.21,83.99,56.82,3.98
192,Pyaozerskiy,100,RU,1569983224,75,65.83,31.17,37.43,30.06
193,Palmer,0,AU,1569983225,33,-34.85,139.16,82.0,5.99
194,Zhangjiakou,0,CN,1569983226,55,40.77,114.88,64.47,5.08
195,Lebu,100,ET,1569983228,93,8.96,38.73,54.41,2.26
196,Vila,40,IT,1569983229,100,45.18,8.4,64.0,4.7
197,Henties Bay,100,NA,1569983230,87,-22.12,14.28,63.0,5.99
198,Tha Bo,0,TH,1569983231,74,17.85,102.58,84.2,2.24
199,Nikki,100,BJ,1569983232,96,9.94,3.21,71.13,7.27
200,Vammala,90,FI,1569983234,93,61.34,22.91,39.99,2.24
201,La Ronge,90,CA,1569983235,60,55.1,-105.3,41.0,4.7
202,Camacha,40,PT,1569983236,77,33.08,-16.33,69.8,11.41
203,East London,0,ZA,1569983237,82,-33.02,27.91,52.35,8.3
204,Araouane,27,ML,1569983238,13,18.9,-3.53,90.39,8.77
205,Calamar,38,CO,1569983240,85,1.96,-72.65,74.87,3.0
206,Moog,74,PH,1569983241,81,8.6,124.47,82.99,4.0
207,Port Elizabeth,1,US,1569983242,83,39.31,-74.98,73.4,9.42
208,Misratah,0,LY,1569983243,68,32.38,15.09,75.7,9.57
209,Thompson,5,CA,1569983244,79,55.74,-97.86,26.6,3.62
210,Hasaki,20,JP,1569983232,61,35.73,140.83,90.0,3.36
211,Tayu,75,JP,1569983247,69,35.06,136.67,84.0,9.17
212,Lavrentiya,85,RU,1569983248,85,65.58,-170.99,41.63,6.8
213,Dumbraveni,0,RO,1569983249,93,46.23,24.57,46.4,4.7
214,Luena,100,AO,1569983250,86,-11.78,19.91,57.81,2.44
215,Kieta,100,PG,1569983252,73,-6.22,155.63,82.22,3.74
216,Hulan,0,IR,1569983253,24,34.23,47.18,55.4,0.58
217,Kargasok,100,RU,1569983254,88,59.06,80.87,40.91,12.24
218,Carnarvon,100,ZA,1569983255,31,-30.97,22.13,49.47,10.07
219,Kodino,100,RU,1569983256,91,63.72,39.64,39.86,14.36
220,Auki,65,NG,1569983258,87,12.18,6.51,74.01,6.04
221,Itoman,75,JP,1569983259,79,26.12,127.67,89.6,14.99
222,Santa Maria da Vitoria,1,BR,1569983260,56,-13.39,-44.19,74.51,3.24
223,Sioux Lookout,75,CA,1569983255,86,50.1,-91.92,39.2,2.24
224,Srednekolymsk,0,RU,1569983263,51,67.46,153.71,31.47,10.27
225,Pingliang,100,CN,1569983264,75,35.54,106.68,57.52,7.74
226,Roald,100,NO,1569983265,93,62.58,6.12,46.4,10.29
227,Marisel,10,RO,1569983266,93,46.65,23.13,45.0,2.24
228,Saskylakh,100,RU,1569983267,90,71.97,114.09,26.52,9.48
229,Turukhansk,100,RU,1569983268,97,65.8,87.96,37.41,9.58
230,Avera,40,US,1569983270,69,33.19,-82.53,82.4,2.86
231,Eureka,1,US,1569982997,81,40.8,-124.16,54.0,5.82
232,Oyama,20,JP,1569983272,54,36.31,139.8,91.0,3.36
233,Vila Velha,75,BR,1569983273,78,-3.71,-38.6,78.8,11.41
234,Bilma,26,NE,1569983274,17,18.69,12.92,85.29,10.98
235,Dembi Dolo,100,ET,1569983276,71,8.53,34.8,67.37,3.65
236,Rawson,0,AR,1569983277,61,-43.3,-65.11,39.72,8.72
237,Saint-Denis,75,FR,1569983278,93,48.94,2.36,57.99,10.29
238,Komsomolskiy,97,RU,1569983279,96,67.55,63.78,38.49,8.86
239,Kitimat,90,CA,1569983280,57,54.02,-128.69,51.8,2.71
240,Hue,20,VN,1569983282,53,16.47,107.58,95.0,3.36
241,Santa Fe,100,AR,1569983018,61,-31.62,-60.7,59.0,5.99
242,Brigham City,1,US,1569983284,50,41.51,-112.02,51.8,3.36
243,Saint Anthony,75,US,1569983225,52,43.97,-111.68,46.4,3.36
244,Hadgaon,1,IN,1569983286,80,19.5,77.66,77.19,7.18
245,Alpena,90,US,1569983278,93,45.06,-83.43,57.0,11.41
246,Vestmannaeyjar,64,IS,1569983289,73,63.44,-20.27,47.76,16.46
247,Faanui,25,PF,1569983290,77,-16.48,-151.75,76.26,20.83
248,Plastun,0,RU,1569983291,24,44.76,136.29,77.72,3.83
249,Soavinandriana,83,MG,1569983292,74,-19.17,46.74,69.0,0.87
250,Klaksvik,37,FO,1569983293,81,62.23,-6.59,44.6,21.92
251,Nebolchi,23,RU,1569983295,85,59.12,33.35,43.1,10.71
252,Nikolskoye,20,RU,1569983219,93,59.7,30.79,44.01,8.95
253,Norman Wells,90,CA,1569983279,87,65.28,-126.83,48.2,2.24
254,Canico,40,PT,1569983298,73,32.63,-16.85,69.8,9.17
255,Usinsk,97,RU,1569983299,93,66.0,57.56,42.67,10.49
256,Port-Cartier,90,CA,1569983284,98,50.03,-66.88,33.01,8.05
257,Eydhafushi,100,MV,1569983302,75,5.1,73.07,83.1,10.54
258,Hofn,0,IS,1569983303,63,64.25,-15.21,20.94,3.33
259,Byron Bay,0,AU,1569983292,52,-28.65,153.62,77.0,12.75
260,Vanavara,98,RU,1569983305,75,60.35,102.28,34.62,8.77
261,Tura,100,RU,1569983306,70,64.27,100.22,31.71,7.72
262,Lata,1,IN,1569983308,65,30.78,78.62,39.36,3.04
263,Kapit,100,MY,1569983309,96,2.02,112.94,74.64,1.72
264,Kahului,40,US,1569983243,55,20.89,-156.47,86.0,25.28
265,Kazuno,0,JP,1569983311,73,40.2,140.83,82.99,3.36
266,Tabat,82,ID,1569983312,39,-2.64,115.23,99.23,1.1
267,Poum,0,MK,1569983314,78,41.28,20.71,51.54,2.64
268,Itarema,20,BR,1569983315,83,-2.92,-39.92,75.72,8.84
269,Lac du Bonnet,90,CA,1569983316,100,50.25,-96.06,41.0,7.72
270,Fortuna,1,US,1569983317,87,40.6,-124.16,54.0,10.29
271,Ancud,0,CL,1569983318,100,-41.87,-73.83,35.6,4.7
272,Lipari,20,IT,1569983319,94,38.47,14.95,72.0,3.67
273,Fortuna Foothills,1,US,1569983321,19,32.66,-114.41,80.6,9.17
274,Pawai,100,IN,1569983322,89,24.27,80.17,74.06,8.3
275,Benguela,100,AO,1569983323,81,-12.58,13.4,70.86,7.76
276,San Quintin,100,PH,1569983324,69,17.54,120.52,84.59,4.45
277,Weyburn,100,CA,1569983075,87,49.67,-103.85,39.99,5.01
278,Agutaya,92,PH,1569983327,74,11.15,120.94,82.4,8.75
279,Sao Felix do Xingu,92,BR,1569983328,97,-6.64,-51.99,71.04,2.55
280,Dikson,94,RU,1569983235,83,73.51,80.55,28.74,15.95
281,Manaure,75,CO,1569983330,79,11.78,-72.45,84.2,4.7
282,Bambous Virieux,40,MU,1569983331,88,-20.34,57.76,73.0,5.82
283,Kuito,86,AO,1569983333,81,-12.38,16.94,55.54,3.58
284,Aurada,62,IN,1569983334,81,18.25,77.42,75.65,8.66
285,Lezajsk,0,PL,1569983335,51,50.26,22.42,62.6,14.99
286,Buraydah,0,SA,1569983336,38,26.33,43.97,77.0,2.24
287,Vao,0,EE,1569983251,84,59.1,26.19,44.33,13.96
288,Huainan,30,CN,1569983338,56,32.59,117.01,81.86,6.58
289,Talara,22,PE,1569983339,91,-4.58,-81.27,64.65,20.33
290,Bubaque,20,GW,1569983341,88,11.28,-15.83,80.45,15.21
291,Zhigansk,84,RU,1569983342,74,66.77,123.37,26.81,4.06
292,Verkhnevilyuysk,85,RU,1569983343,68,63.45,120.31,32.66,6.76
293,Ebenthal,0,AT,1569983344,87,48.44,16.79,59.0,10.29
294,Riyadh,0,SA,1569983288,31,24.63,46.72,77.0,4.12
295,Nanortalik,100,GL,1569983344,64,60.14,-45.24,42.33,2.98
296,Qena,0,EG,1569983348,50,26.16,32.72,75.2,5.32
297,Nsanje,92,MZ,1569983349,80,-16.92,35.26,70.62,10.85
298,Seredka,100,RU,1569983350,89,58.06,38.14,41.18,10.58
299,Regeneracao,100,BR,1569983351,62,-6.24,-42.69,79.28,4.25
300,Valle de Allende,5,MX,1569983352,70,26.94,-105.39,68.28,8.23
301,Antofagasta,75,CL,1569983354,87,-23.65,-70.4,57.2,16.11
302,Linxia,96,CN,1569983355,50,35.6,103.21,61.35,5.82
303,Tessalit,2,ML,1569983356,14,20.2,1.01,85.24,6.11
304,Laguna,40,BZ,1569983357,94,16.17,-88.94,78.8,1.19
305,Geraldton,90,CA,1569983358,93,49.72,-86.95,37.4,5.82
306,Kavaratti,20,IN,1569983360,78,10.57,72.64,82.4,2.46
307,Cartagena,0,ES,1569983361,41,37.63,-1.0,78.01,8.05
308,Corpus Christi,75,US,1569983227,79,27.8,-97.4,84.99,11.41
309,Tilichiki,9,RU,1569983363,54,60.47,166.1,39.45,17.54
310,Vardo,1,US,1569983364,78,39.62,-77.74,77.0,4.7
311,Bathsheba,20,BB,1569983256,74,13.22,-59.52,82.4,11.41
312,Tadpatri,90,IN,1569983367,63,14.92,78.02,83.22,4.45
313,Malanje,23,AO,1569983368,92,-9.54,16.35,64.43,5.77
314,Los Llanos de Aridane,95,ES,1569983369,88,28.66,-17.92,82.99,11.41
315,Mingyue,0,CN,1569983370,40,43.11,128.91,74.15,4.56
316,Tautira,40,PF,1569983372,58,-17.73,-149.15,82.4,9.17
317,Igra,100,RU,1569983373,79,57.55,53.1,51.01,5.99
318,Thunder Bay,90,CA,1569983162,70,48.41,-89.26,48.2,4.7
319,Alekseyevka,75,RU,1569983375,76,53.25,50.49,53.6,17.9
320,Kemin,67,KG,1569983376,59,42.79,75.7,45.91,2.66
321,Kupang,20,ID,1569983377,46,-10.16,123.6,89.6,23.04
322,Ostrovnoy,100,RU,1569983379,93,68.05,39.51,34.62,33.76
323,Yichun,8,CN,1569983380,65,47.72,128.88,69.69,4.63
324,Mahanoro,62,MG,1569983381,93,-19.9,48.8,67.55,1.34
325,Constitucion,90,MX,1569983382,60,23.99,-104.67,68.0,4.7
326,Lakes Entrance,35,AU,1569983384,28,-37.88,147.99,80.01,3.0
327,Sao Jose da Coroa Grande,31,BR,1569983385,89,-8.9,-35.15,70.34,2.8
328,Fort Nelson,20,CA,1569983386,66,58.81,-122.69,55.4,2.24
329,Bethel,90,US,1569983387,66,60.79,-161.76,48.2,5.82
330,Manta,10,RO,1569983388,48,45.1,24.1,55.68,4.21
331,Mayo,90,CA,1569983390,81,63.59,-135.9,48.2,8.05
332,Sao Joao da Barra,82,BR,1569983391,82,-21.64,-41.05,66.12,3.6
333,Bukene,70,TZ,1569983392,84,-4.23,32.89,67.04,2.26
334,Talaya,0,RU,1569983393,59,55.79,84.89,37.4,13.42
335,Mogadishu,5,SO,1569983326,90,2.04,45.34,76.2,6.67
336,Baymak,99,RU,1569983396,69,52.6,58.31,36.77,7.43
337,Atar,97,MR,1569983397,10,20.52,-13.05,92.6,10.18
338,Tumkur,40,IN,1569983398,100,13.34,77.1,81.0,5.82
339,Dongsheng,54,CN,1569983399,40,29.72,112.52,85.31,5.66
340,Punta Alta,0,AR,1569983400,43,-27.46,-55.82,87.8,6.93
341,Chapais,90,CA,1569983403,93,49.78,-74.86,37.4,8.05
342,Malokakhovka,0,UA,1569983404,63,46.78,33.45,53.29,4.88
343,Guarapari,90,BR,1569983405,88,-20.67,-40.5,73.99,4.7
344,Tabatinga,0,BR,1569983406,47,-21.74,-48.69,78.8,2.24
345,Nichinan,75,JP,1569983408,79,31.65,131.31,84.2,8.05
346,Tambovka,13,RU,1569983409,87,47.32,47.38,57.59,9.91
347,Mitu,0,IR,1569983410,66,36.2,46.09,45.03,1.99
348,Nagato,75,JP,1569983411,74,34.35,131.14,84.0,18.34
349,Lagos,20,NG,1569983173,100,6.46,3.39,75.2,3.36
350,Miri,100,NG,1569983414,81,10.31,9.75,72.15,3.69
351,Ebebiyin,97,GQ,1569983415,99,2.15,11.34,67.98,2.51
352,Betanzos,20,ES,1569983416,87,43.28,-8.21,63.0,6.93
353,Goya,100,AR,1569983417,94,-29.14,-59.27,64.86,16.24
354,Bowen,40,AU,1569983418,47,-20.01,148.25,80.6,24.16
355,Chuzhou,75,CN,1569983420,52,32.25,118.33,91.99,3.0
356,Barabai,82,ID,1569983421,39,-2.59,115.38,99.23,1.1
357,Moskovskiy,0,RU,1569983422,87,55.6,37.35,46.0,8.95
358,Tulum,20,MX,1569983423,78,20.21,-87.46,82.0,5.82
359,Dong Hoi,0,VN,1569983424,65,17.48,106.6,84.9,5.26
360,Senador Pompeu,13,BR,1569983426,79,-5.58,-39.37,72.93,7.14
361,Gao,16,ML,1569983427,36,16.28,-0.04,86.48,6.4
362,Birao,100,CF,1569983428,86,10.3,22.78,71.6,5.44
363,Pervomayskoye,58,RU,1569983429,73,57.07,86.23,38.94,15.59
364,Sao Filipe,52,CV,1569983431,88,14.9,-24.5,78.31,13.62
365,Merauke,89,ID,1569983432,83,-8.49,140.4,79.46,17.87
366,Kilifi,53,KE,1569983433,87,-3.63,39.85,74.01,3.51
367,Sumbe,100,AO,1569983434,89,-11.2,13.84,71.9,9.69
368,Muroto,75,JP,1569983435,78,33.37,134.14,78.8,3.36
369,Egvekinot,100,RU,1569983437,92,66.32,-179.17,31.4,11.45
370,Skowhegan,90,US,1569983407,93,44.77,-69.72,62.01,10.29
371,Tuatapere,100,NZ,1569983325,72,-46.13,167.69,48.0,15.01
372,Guerrero Negro,0,MX,1569983440,79,27.97,-114.04,65.91,16.8
373,Tolaga Bay,100,NZ,1569983441,56,-38.37,178.3,55.94,11.45
374,Port Hedland,0,AU,1569983442,13,-20.31,118.58,100.4,12.75
375,Worpswede,40,DE,1569983444,93,53.22,8.93,48.99,5.82
376,Mineiros,100,BR,1569983445,44,-17.57,-52.55,81.19,6.24
377,Yumen,100,CN,1569983446,17,40.29,97.04,62.45,19.73
378,Yerbogachen,96,RU,1569983447,60,61.28,108.01,34.52,8.66
379,Aconibe,91,GQ,1569983448,99,1.29,10.94,66.03,1.86
380,Emerald,75,AU,1569983450,50,-23.53,148.16,78.8,11.41
381,Puerto Narino,40,CO,1569983451,100,-3.77,-70.38,75.2,2.24
382,Fairbanks,90,US,1569983452,81,64.84,-147.72,45.0,3.47
383,Dhidhdhoo,39,MV,1569983453,74,6.88,73.1,82.67,7.36
384,Lakeside,5,US,1569983454,55,32.86,-116.92,68.0,5.82
385,Lorengau,81,PG,1569983456,75,-2.02,147.27,82.2,1.74
386,Nelson Bay,0,AU,1569983457,38,-32.72,152.14,77.0,8.05
387,Petropavlovsk-Kamchatskiy,40,RU,1569983267,47,53.05,158.65,59.0,13.42
388,Ous,100,RU,1569983459,79,60.91,61.52,49.76,13.74
389,Grand Gaube,40,MU,1569983460,88,-20.01,57.66,73.0,5.82
390,Bonthe,99,SL,1569983461,88,7.53,-12.5,76.92,5.59
391,Swift Current,0,CA,1569983463,86,50.29,-107.8,26.6,6.93
392,Touros,20,BR,1569983464,78,-5.2,-35.46,75.2,6.93
393,Kulai,75,MY,1569983465,94,1.66,103.61,89.01,4.05
394,Timbuktu,33,ML,1569983466,39,16.77,-3.01,89.43,9.73
395,Flin Flon,0,CA,1569983467,63,54.77,-101.88,31.89,4.32
396,Poya,99,NC,1569983469,75,-21.35,165.16,69.35,28.81
397,Hamakita,75,JP,1569983470,51,34.8,137.78,87.01,3.36
398,Paamiut,39,GL,1569983471,59,61.99,-49.67,43.43,7.63
399,Chauk,0,MM,1569983472,68,20.89,94.82,82.05,3.71
400,Fuyang,30,CN,1569983473,52,32.89,115.81,81.62,5.99
401,Tutoia,6,BR,1569983475,86,-2.76,-42.27,73.94,6.08
402,Quatre Cocos,40,MU,1569983283,88,-20.21,57.76,73.0,5.82
403,Victoria,75,BN,1569983219,78,5.28,115.24,80.6,4.7
404,Lypnyazhka,0,UA,1569983478,66,48.45,31.08,51.24,9.73
405,Pangody,100,RU,1569983330,97,65.85,74.49,37.86,9.22
406,Brae,100,GB,1569983480,87,60.4,-1.35,48.2,17.22
407,Manggar,100,ID,1569983481,54,-2.88,108.27,88.03,9.44
408,Myitkyina,100,MM,1569983483,99,25.38,97.4,69.78,1.68
409,Pacifica,1,US,1569983262,51,37.61,-122.49,64.0,16.11
410,Kanigoro,33,ID,1569983485,46,-8.13,112.22,88.8,12.08
411,Sironj,68,IN,1569983486,92,24.1,77.69,71.88,13.18
412,Meulaboh,100,ID,1569983487,77,4.14,96.13,79.55,3.89
413,Ambasamudram,20,IN,1569983488,83,8.71,77.44,82.4,3.36
414,San Cristobal,100,HN,1569983490,91,14.68,-86.92,67.35,2.37
415,Iquique,75,CL,1569983491,72,-20.22,-70.14,60.8,8.05
416,Yining,0,CN,1569983492,39,29.04,114.56,89.94,1.5
417,Codrington,0,AU,1569983493,35,-28.95,153.24,77.0,8.05
418,Hokitika,0,NZ,1569983495,60,-42.72,170.96,53.07,28.19
419,Umkomaas,0,ZA,1569983496,93,-30.21,30.8,59.0,4.5
420,Dunmore Town,0,BS,1569983497,78,25.5,-76.65,81.17,16.49
421,Kenai,90,US,1569983498,81,60.55,-151.26,50.0,9.17
422,Ponta do Sol,0,BR,1569983499,57,-20.63,-46.0,68.91,3.27
423,Robertsport,100,LR,1569983500,88,6.75,-11.37,77.05,6.2
424,Nantucket,1,US,1569983290,82,41.28,-70.1,66.99,16.11
425,Muros,75,ES,1569983242,93,42.77,-9.06,64.0,1.12
426,Yinchuan,49,CN,1569983504,32,38.48,106.21,82.0,1.01
427,Pahalgam,83,IN,1569983505,67,34.03,75.33,54.1,2.89
428,Sisimiut,33,GL,1569983506,74,66.94,-53.67,39.75,7.65
429,Altamira,10,BR,1569983507,75,-3.2,-52.21,75.95,2.26
430,Porto Walter,100,BR,1569983509,98,-8.27,-72.74,70.75,2.06
431,Viedma,90,AR,1569983510,48,-40.81,-62.99,40.94,5.14
432,Mao,40,DO,1569983388,100,19.55,-71.08,80.01,3.13
433,Bathurst,0,AU,1569983512,39,-33.42,149.58,75.99,5.99
434,Nisia Floresta,0,BR,1569983513,78,-6.09,-35.21,78.8,10.29
435,Vangaindrano,100,MG,1569983514,95,-23.35,47.6,71.67,1.97
436,Xichang,73,CN,1569983516,85,27.88,102.25,61.93,4.09
437,Cidreira,1,BR,1569983517,77,-30.17,-50.22,70.03,11.95
438,Tucuman,54,PE,1569983518,78,-17.17,-70.89,49.73,4.41
439,Diffa,100,NE,1569983519,49,13.32,12.61,85.01,9.98
440,Sitka,19,US,1569983520,94,37.17,-99.65,66.0,3.74
441,Santa Maria da Boa Vista,0,BR,1569983522,68,-8.8,-39.83,74.37,14.0
442,Martigny,20,CH,1569983523,87,46.1,7.07,57.2,5.82
443,Isangel,75,VU,1569983524,57,-19.55,169.27,78.8,11.41
444,Dargaville,100,NZ,1569983525,74,-35.94,173.86,56.96,31.61
445,Saint-Joseph,90,FR,1569983527,77,43.56,6.97,64.99,2.24
446,Usogorsk,100,RU,1569983528,85,63.43,48.71,46.77,15.01
447,Teacapan,96,MX,1569983529,71,22.54,-105.74,83.67,6.4
448,Pyay,99,MM,1569983530,79,18.82,95.22,81.59,4.41
449,Saint Andrews,30,NZ,1569983531,29,-44.53,171.19,53.01,14.0
450,San Patricio,72,PY,1569983533,44,-26.98,-56.83,88.73,12.88
451,Jinsha,20,CN,1569983534,70,24.49,118.41,87.8,6.71
452,Tual,98,ID,1569983535,83,-5.67,132.75,79.53,16.55
453,Wittenberge,100,DE,1569983536,93,53.0,11.75,50.0,4.0
454,Ridgecrest,1,US,1569983537,16,35.62,-117.67,68.0,9.17
455,Kearney,90,US,1569983329,93,40.7,-99.08,50.0,13.87
456,Portland,75,US,1569983442,100,43.66,-70.25,62.01,3.36
457,Lira,72,UG,1569983541,95,2.25,32.9,63.73,1.61
458,Deputatskiy,100,RU,1569983542,90,69.3,139.9,21.41,29.1
459,Goundi,100,TD,1569983543,95,9.36,17.37,71.49,5.01
460,Gat,7,SN,1569983544,88,14.69,-16.54,78.8,9.17
461,Severo-Kurilsk,100,RU,1569983546,89,50.68,156.12,46.58,12.08
462,Ouango,100,CD,1569983547,99,4.31,22.55,68.81,2.44
463,Ozuluama,53,MX,1569983548,92,21.12,-98.35,69.08,2.48
464,Marsa Matruh,0,EG,1569983549,88,31.35,27.25,68.0,3.22
465,Evans,90,US,1569983550,100,40.38,-104.69,48.0,8.05
466,Souillac,90,FR,1569983274,93,45.6,-0.6,60.01,5.82
467,Acapulco,40,MX,1569983553,83,16.86,-99.88,80.6,3.36
468,Upata,100,VE,1569983554,89,8.02,-62.41,72.87,4.59
469,Samarai,96,PG,1569983555,92,-10.62,150.67,75.93,9.28
470,Sola,52,TZ,1569983556,70,-3.17,33.8,68.82,0.76
471,Hernani,40,ES,1569983557,82,43.27,-1.98,64.4,10.29
472,Basoko,100,CD,1569983559,97,1.23,23.61,68.61,1.66
473,Ongandjera,100,NA,1569983560,20,-17.88,15.07,57.09,5.3
474,Jiaocheng,0,CN,1569983561,34,24.68,116.14,93.52,1.25
475,Mandalgovi,100,MN,1569983328,66,45.76,106.27,40.42,13.22
476,Ambon,90,FR,1569983563,82,47.55,-2.56,59.0,4.7
477,Tarnogskiy Gorodok,0,RU,1569983564,89,60.5,43.58,39.11,10.09
478,Port-Gentil,96,GA,1569983566,82,-0.72,8.78,76.98,13.22
479,Mehamn,66,NO,1569983567,72,71.03,27.85,35.85,20.07
480,Parauna,31,ID,1569983568,51,-3.82,122.09,89.0,4.52
481,Sao Gabriel da Cachoeira,21,BR,1569983569,73,-0.13,-67.09,78.94,0.54
482,Kuusamo,75,FI,1569983570,74,65.96,29.19,35.6,13.87
483,Ilo,87,PE,1569983572,86,-17.65,-71.34,60.8,11.72
484,Miandrivazo,0,MG,1569983573,82,-19.53,45.46,74.39,1.86
485,Naze,100,NG,1569983574,97,5.43,7.07,72.68,3.6
486,Yunyang,31,CN,1569983575,29,32.84,110.81,75.99,6.06
487,Lakewood,1,US,1569983510,48,33.85,-118.12,68.0,5.82
488,Aracati,28,BR,1569983578,76,-4.56,-37.77,76.13,9.17
489,Mari-Turek,100,RU,1569983579,92,56.79,49.62,51.99,13.96
490,Aklavik,75,CA,1569983580,80,68.22,-135.01,41.0,8.05
491,Hovd,90,NO,1569983581,100,63.83,10.7,48.0,3.36
492,Muzhi,70,RU,1569983582,98,65.4,64.7,39.68,4.65
493,Santa Rita,20,BR,1569983584,88,-7.13,-34.98,75.2,4.7
494,Nhulunbuy,40,AU,1569983585,58,-12.18,136.78,86.0,12.75
495,Smithers,75,CA,1569983539,57,54.78,-127.17,50.0,4.7
496,Beringovskiy,98,RU,1569983587,73,63.05,179.32,42.24,9.33
497,Kerema,30,PG,1569983588,80,-7.96,145.78,78.71,11.05
498,Entre Rios,25,BR,1569983589,98,-11.94,-38.08,67.82,2.8
499,Gambela,100,ET,1569983297,71,8.25,34.59,67.37,3.65
500,Pringsewu,100,ID,1569983592,56,-5.36,104.98,83.33,3.8
501,Elizabeth City,1,US,1569983593,77,36.3,-76.22,73.0,5.82
502,Hearst,100,CA,1569983336,94,49.69,-83.67,38.57,8.14
503,Jiexiu,0,CN,1569983595,47,37.02,111.92,71.58,7.02
504,Haapiti,40,PF,1569983597,58,-17.57,-149.87,82.4,9.17
505,Otradnoye,20,RU,1569983598,93,59.77,30.8,44.01,8.95
506,Wellington,100,NZ,1569983599,87,-41.29,174.78,48.0,41.38
507,Caxias,0,BR,1569983600,55,-4.87,-43.35,86.0,8.05
508,Lasa,0,CY,1569983601,72,34.92,32.53,69.8,9.17
509,Lafia,100,NG,1569983603,93,8.5,8.51,73.34,2.84
510,Chifeng,60,CN,1569983604,43,42.27,118.96,74.91,11.86
511,Kaseda,75,JP,1569983605,94,31.42,130.32,77.0,5.82
512,Tazovskiy,100,RU,1569983525,97,67.47,78.7,36.46,7.58
513,Avenal,1,US,1569983434,41,36.0,-120.13,66.2,6.93
514,Narsaq,100,GL,1569983609,27,60.91,-46.05,51.8,36.91
515,Ileza,0,RU,1569983610,90,61.05,43.9,39.03,9.8
516,Puerto Escondido,98,MX,1569983611,94,15.86,-97.07,72.14,2.39
517,Thinadhoo,69,MV,1569983612,76,0.53,72.93,82.34,17.74
518,Mareeba,40,AU,1569983613,48,-16.99,145.42,87.01,21.92
519,Havelock,1,US,1569983615,64,34.88,-76.9,73.4,4.7
520,Kutum,96,SD,1569983616,59,14.2,24.66,74.55,10.38
521,Eregli,0,TR,1569983617,39,37.51,34.05,55.77,1.7
522,Trelew,0,AR,1569983618,61,-43.25,-65.31,39.72,8.72
523,Kiruna,100,SE,1569983619,90,67.86,20.23,32.0,13.87
524,Tanete,8,ID,1569983621,63,-3.94,119.78,86.59,9.98
525,Rabo de Peixe,20,PT,1569983622,78,37.8,-25.58,73.4,21.92
526,Warrensburg,1,US,1569983623,73,38.76,-93.74,81.0,5.82
527,Almeria,0,ES,1569983624,47,36.84,-2.46,77.0,4.7
528,Jumla,99,NP,1569983625,73,29.28,82.18,56.26,2.1
529,Erenhot,8,CN,1569983627,49,43.65,111.97,64.38,14.0
530,Berezovyy,100,RU,1569983628,95,51.67,135.7,47.78,8.39
531,Mankachar,30,IN,1569983629,81,25.53,89.87,80.15,7.7
532,San Rafael,94,AR,1569983630,34,-34.61,-68.33,47.58,7.71
533,Rio Gallegos,40,AR,1569983631,86,-51.62,-69.22,37.4,12.75
534,North Bend,1,US,1569983632,62,43.41,-124.22,55.4,9.17
535,Nizwa,53,OM,1569983634,60,22.93,57.53,75.47,2.08
536,Ironton,1,US,1569983635,88,38.54,-82.68,78.8,4.21
537,Reinosa,40,ES,1569983636,63,43.0,-4.14,66.2,18.34
538,Darhan,100,MN,1569983637,50,49.49,105.92,38.73,13.38
539,Chancay,90,PE,1569983638,88,-11.56,-77.27,62.6,11.41
540,Fukue,75,JP,1569983640,69,35.03,136.69,82.99,9.17
541,Gura Humorului,0,RO,1569983641,71,47.55,25.89,53.01,6.93
542,Slave Lake,90,CA,1569983379,65,55.28,-114.77,44.6,6.93
543,Verkhoyansk,96,RU,1569983643,39,67.55,133.39,26.31,5.28
544,Ajuchitlan,75,MX,1569983644,68,20.72,-100.02,66.2,11.41
545,Moree,0,AU,1569983646,25,-29.46,149.84,78.01,8.05
546,Helong,0,CN,1569983647,41,25.94,116.13,90.5,2.48
547,Manokwari,64,ID,1569983648,66,-0.87,134.08,80.72,6.82
548,Port Moresby,40,PG,1569983649,66,-9.47,147.16,86.0,11.41
549,Bilibino,96,RU,1569983651,92,68.06,166.44,15.4,3.51
550,Ixtapa,90,MX,1569983652,100,20.71,-105.21,75.0,3.36
551,Sibu,75,MY,1569983653,83,2.29,111.83,80.6,3.36
552,Fomboni,0,KM,1569983654,80,-12.28,43.74,78.85,17.63
553,Alibag,40,IN,1569983655,88,18.64,72.88,80.6,5.82
554,Mersing,87,MY,1569983656,61,2.43,103.84,84.02,3.04
555,Razam,96,IN,1569983658,77,18.45,83.66,82.34,4.14
556,Oistins,20,BB,1569983659,74,13.07,-59.53,82.4,11.41
557,Khani,0,GE,1569983660,100,41.96,42.96,53.6,4.7
